[
    {
        "名字": "过期的廉价雪碧",
        "攻击": "0",
        "血量": "0",
        "法力": "10",
        "体力": "0",
        "次数": "2"
    },
    {
        "名字": "暴力补血剂",
        "攻击": "0",
        "血量": "200",
        "法力": "0",
        "体力": "0",
        "次数": "1"
    },
    {
        "名字": "鬼符",
        "攻击": "0",
        "血量": "0",
        "法力": "0",
        "体力": "100",
        "次数": "1"
    },
    {
        "名字": "龙息辣椒",
        "攻击": "100000000000000000000",
        "血量": "-100",
        "法力": "0",
        "体力": "0",
        "次数": "1"
    },
]