[
    {
        "名字": "广陵",
        "帮派": "逍遥派",
        "血量": "80",
        "法力": "0",
        "等级": "1",
        "体力": "40",
        "攻击": "25",
        "防御": "8",
        "招数": [
            "召唤李逍遥",
            "八荒六合唯我独尊功"
        ],
        "装备": [
            "再生金良药",
            "萨满的珍珠法杖"
        ]
    },
    {
        "名字": "玄奘",
        "帮派": "少林寺",
        "血量": "100",
        "法力": "0",
        "等级": "1",
        "体力": "40",
        "攻击": "20",
        "防御": "15",
        "招数": [
            "大金刚掌"
        ],
        "装备": []
    }
]