[
    {
        "名字": "斩龙之势",
        "防御": "0",
        "攻击": "20",
        "血量": "0",
        "法力": "0",
        "体力": "0"
    },
    {
        "名字": "再生金良药",
        "防御": "0",
        "攻击": "0",
        "血量": "0",
        "法力": "100",
        "体力": "0"
    },
    {
        "名字": "萨满的珍珠法杖",
        "防御": "0",
        "攻击": "0",
        "血量": "0",
        "法力": "0",
        "体力": "30"
    },
    {
        "名字": "肯德基全家桶套餐",
        "防御": "50",
        "攻击": "0",
        "血量": "0",
        "法力": "0",
        "体力": "0"
    },
    {
        "名字": "(^@-@^)",
        "防御": "0",
        "攻击": "0",
        "血量": "40",
        "法力": "0",
        "体力": "0"
    }
]